상점 이름,위도,경도,지번주소,도로명주소
광동수산조개구이,37.59143012,127.0368715,,서울특별시 성북구 회기로 3
신은정 광주소머리국밥,37.59141179,127.0378679,,성북구 종암동 28-10
구십스,37.58935425,127.0368388,,서울특별시 동대문구 고산자로 560
그옛날에 즉석짜장,37.59069454,127.0380396,,서울특별시 동대문구 고산자로60길 49
다원스시,,,,
더테이블,37.59099732,127.037913,,서울특별시 동대문구 회기로 14 어진재
돌냄비열우동,37.59147677,127.0375328,,서울특별시 성북구 회기로3길 2
바다아구찜,,,,
빈이네등갈비,37.59149094,127.0382801,,서울특별시 성북구 회기로 15-2
알래스카에서 온 연어가 맛있는 집,37.58876326,127.0366256,,서울특별시 동대문구 고산자로 553
에스키모,37.59141567,127.0369938,,서울특별시 성북구 회기로 5
연어사랑,37.58847128,127.0368293,,서울특별시 동대문구 고산자로 549-1
오늘은 면발 땡기는날,37.58818294,127.0368835,,서울특별시 동대문구 제기로7길 37
오소리순대,37.59056148,127.0371609,,서울특별시 동대문구 회기로4길 16
왕십리막창구이,37.59102965,127.038221,,서울특별시 동대문구 회기로 16-1 제기동근린생활시설및다세대주택
조개bene,37.58833792,127.0368655,,서울특별시 동대문구 고산자로 549
종암골 생고기,37.59102965,127.038221,,서울특별시 동대문구 회기로 16-1 제기동근린생활시설및다세대주택
준이네분식,,,,
파마고,37.58958133,127.0367438,,서울특별시 동대문구 고산자로 562
황궁,37.5921762,127.0367043,,서울특별시 성북구 종암로 18 거산프라자
굿띵,37.59147677,127.0375328,,서울특별시 성북구 회기로3길 2
다올래 치킨호프,,,,
한신포차,,,,
Take Away,37.59144099,127.0366994,,서울특별시 성북구 종암로 12
THE BETTER,37.59147684,127.0373109,,서울특별시 성북구 회기로3길 1
작은콩,,,,
고대분식(이과),37.58870342,127.0316981,,서울특별시 성북구 안암로 145 고려대학교 안암캠퍼스(자연계) 이공과대학과학도서관지하 1층
끼니와새참,37.58875009,127.0323729,,서울특별시 성북구 안암동5가 1-2
롯데리아(이과),37.58870342,127.0316981,,서울특별시 성북구 안암로 145 고려대학교 안암캠퍼스(자연계) 하나스퀘어
마더스밥,,,,
맘스터치,37.58870342,127.0316981,,서울특별시 성북구 안암로 145 타이거프라자 1층
버거킹,37.58870342,127.0316981,,서울특별시 성북구 안암로 145 고려대학교안암캠퍼스(인문사회계)
비비고,37.58875009,127.0323729,,서울특별시 성북구 안암동5가 1-2 고려대학교 CJ 법학관 1층
CNN카페,37.58870342,127.0316981,,서울특별시 성북구 안암로 145 고려대학교
MOST(이과),37.58870342,127.0316981,,서울특별시 성북구 안암로 145 고려대학교 안암캠퍼스(자연계) 이공과대학과학도서관지하 1층
PALAZZO(이과),37.58870342,127.0316981,,서울특별시 성북구 안암로 145 고려대학교 안암캠퍼스(자연계) 하나스퀘어
TIAMO(중광),37.58870342,127.0316981,,서울특별시 성북구 안암로 145 고려대중앙광장 지하 1층
TIAMO(현차관),,,,
고대북카페,,,,
고대빵(국제관),,,,
고대빵(이과_애기능생활관),37.58870342,127.0316981,,서울특별시 성북구 안암로 145 고려대학교 안암캠퍼스(자연계) 애기능생활관 B1
고대빵(이과_하나스퀘어),37.58870342,127.0316981,,서울특별시 성북구 안암로 145 고려대학교 안암캠퍼스(자연계) 하나스퀘어
디초콜릿,37.58877818,127.0349771,,서울특별시 성북구 안암동5가 1-21
마로네(이과),37.58870342,127.0316981,,서울특별시 성북구 안암로 145 고려대학교 안암캠퍼스(자연계) 하나과학관 지하 1층
미디어관 카페,,,,
샌드프레소(이과),37.58870342,127.0316981,,서울특별시 성북구 안암로 145 고려대학교 안암캠퍼스(자연계) 하나스퀘어
오픈엘리,37.58870342,127.0316981,,서울특별시 성북구 안암로 145 고려대학교 파이빌 99 A동1층
카페 드림,37.58870342,127.0316981,,"서울특별시 성북구 안암로 145, 고려대학교 라이시움관 1층"
카페베네,37.58870342,127.0316981,,서울특별시 성북구 안암로 145 고려대학교안암캠퍼스 중앙광장 지하1층 101호
투썸플레이스(CJ법학관),37.59137011,127.0326141,,서울특별시 성북구 종암동 산2-138
투썸플레이스(타이거플라자),37.58871326,127.0351401,,서울특별시 성북구 안암동5가 1 타이거프라자 2층
학관카페,,,,
또랑(이과),37.58870342,127.0316981,,서울특별시 성북구 안암로 145 고려대학교 안암캠퍼스(자연계) 애기능학관
갈마당,,,,
거성치킨,37.59367242,127.0347937,,서울특별시 성북구 북악산로29길 30
고대식당,,,,
다래성,37.59267377,127.0359889,,서울특별시 성북구 종암로 25
두레식당,,,,
마마돈가스,37.59254359,127.0373793,,서울특별시 성북구 월곡로2길 14
마산 아구찜 꽃게찜,,,,
맥도날드,37.59553169,127.0360628,,서울특별시 성북구 종암로 58
무아국수집,37.59324698,127.0353959,,서울특별시 성북구 종암로3길 13
밀크밥버거,37.59409053,127.0346399,,서울특별시 성북구 북악산로29길 40
보리밥 바지락칼국수,,,,
부어치킨,37.59408703,127.0342821,,서울특별시 성북구 종암로5길 29
서울식당,37.59222325,127.0360702,,서울특별시 성북구 종암로 21
수스엘주야식,37.59375503,127.0357494,,서울특별시 성북구 종암로 39 2층
숭례식당,,,,
식구,,,,
신생,37.59601104,127.0359769,,서울특별시 성북구 종암로14길 6-26
아미가,37.59278944,127.0348431,,서울특별시 성북구 종암동 24-15
아침바다,37.59324698,127.0353959,,서울특별시 성북구 종암로3길 13 중앙빌딩
알콩김밥 달콩라면,37.59553552,127.03532,,서울특별시 성북구 종암로9길 3 아주빌딩
양자설렁탕,37.59267377,127.0359889,,서울특별시 성북구 종암로 25
엄마네,,,,
오박사네 돈까스,37.59253345,127.0352053,,서울특별시 성북구 북악산로 1055 종암빌딩
옥당골,37.592371,127.0361065,,서울특별시 성북구 종암로 23
우리 사철탕 삼계탕,37.59419477,127.0355594,,서울특별시 성북구 종암로5길 9-13
우이동 멸치국수,,,,
유정,,,,
자스민,37.59357483,127.0357584,,서울특별시 성북구 종암로 37
참새방앗간,,,,
청보리꼴,37.59240351,127.0358484,,서울특별시 성북구 북악산로 1062
청송횟집,,,,
청진동 해장국,,,,
큰대문집,37.5962957,127.0361447,,서울특별시 성북구 종암로14길 6-21
피자스쿨(종암점),37.59553552,127.03532,,서울특별시 성북구 종암로9길 3 아주빌딩
한솥도시락(종암동),37.59408703,127.0342821,,서울특별시 성북구 종암로5길 29
해피데이,,,,
호랭이밥그릇,37.59259827,127.035382,,서울특별시 성북구 북악산로 1057 우전빌딩
홍대개미,37.59553552,127.03532,,서울특별시 성북구 종암로9길 3 1층
또또치킨호프,37.59370116,127.0351108,,서울특별시 성북구 종암동 23-24
두루두루,37.59339483,127.0350789,,서울특별시 성북구 종암로3길 18 낙원빌딩
DOOL,37.59428151,127.0347306,,서울특별시 성북구 북악산로31길 39
ISM,,,,
N'D MORE,,,,
드럼락커피,37.59550315,127.0351025,,서울특별시 성북구 종암로9길 5
뚜레쥬르,37.59440383,127.0354598,,서울특별시 성북구 종암로5길 7
종암동 카페,37.59437864,127.0353239,,서울특별시 성북구 종암로5길 9-3
카페 아띠,,,,
59쌀피자(안암오거리점),37.58256981,127.0303686,,서울특별시 동대문구 약령시로 4
911 온반,37.5833018,127.0288292,,서울특별시 성북구 안암로 73-9
Joe's Grill,37.58255222,127.0286704,,서울시 성북구 안암동5가 134-43
Mr.WANG,37.58289828,127.0283445,,서울특별시 성북구 안암로9가길 87
고대맛집ㅋㅋ,37.5828117,127.0286886,,서울특별시 성북구 안암로9가길 80-17
고려성,,,,
국민수육국밥,,,,
국수가,,,,
다돈 참숯화로구이,37.5823576,127.028693,,서울특별시 성북구 안암동5가 134-41
동암 닭한마리 칼국수,,,,
마루,37.58370899,127.0290965,,서울특별시 성북구 인촌로24길 58-5
마시께 매운 떡볶이,,,,
미스사이공,37.5828117,127.0286886,,서울특별시 성북구 안암로9가길 80-17
미스터피자,,,,
박가네뼈다귀해장국,37.58206897,127.0299427,,서울특별시 동대문구 무학로 200 휴먼플러스
보신자리,37.58224214,127.0292092,,서울특별시 동대문구 안암로 70
본도시락,37.58228554,127.0286024,,서울특별시 성북구 안암로 63
부부손칼국수,,,,
비야(이공후문점),,,,
삼성통닭(이공후문점),37.58345306,127.0292821,서울특별시 성북구 안암동5가 104-41호,
서병장대김일병,37.58326583,127.0285756,,서울특별시 성북구 안암로9가길 97
성북연탄돼지불백,37.58300632,127.0286661,,서울특별시 성북구 안암로9가길 94
스시진,37.58266029,127.0288425,,서울특별시 성북구 안암동5가 134-35
아는 집밥,,,,
엄마 밥 줘,37.58320459,127.0284442,,서울특별시 성북구 안암로9가길 93
오바케 돈부리,37.5833415,127.0286345,,서울특별시 성북구 안암로9가길 99
웁스 떡볶이,,,,
이공냉면,37.58340635,127.0286889,,서울특별시 성북구 안암로9가길 101
이공탄,37.583154,127.0290148,,서울특별시 성북구 안암로 73-5
이모네,,,,
이모네 얼큰이식당,37.58239729,127.0284666,,서울특별시 성북구 안암로 61-6
장터사골 소머리곰탕,,,,
정다래 함박스텍(이공후문점),,,,
정한손 칼국수,37.58239729,127.0284666,,서울특별시 성북구 안암로 61-6
제주고깃집,37.58254855,127.028915,,서울특별시 성북구 안암로 69
철판남매,,,,
친구네,37.5828117,127.0286886,,서울특별시 성북구 안암로9가길 80-17
타타스키친,37.5800158,127.025255,,서울특별시 성북구 안암로 25
탐스필리,37.5833018,127.0288292,,서울특별시 성북구 안암로 73-9
피자스쿨(안암점),,,,
할매순대국,,,,
호화반점,37.583154,127.0290148,,서울특별시 성북구 안암로 73-5
황소식당,37.58258473,127.028367,,서울특별시 성북구 안암로9가길 82
흑도담,37.58318648,127.028811,,서울특별시 성북구 안암로9가길 100
마시고,,,,
Beer Time,,,,
가오가,37.58345665,127.0293365,,서울특별시 성북구 인촌로24길 60
상구비어,,,,
스카이 치킨호프,,,,
히든트랙,37.58250131,127.0304773,,서울특별시 동대문구 제기동 148-20 수운빌딩 지하1층
24시간 스터디카페,37.58265668,127.0288652,,서울특별시 성북구 안암로 69-1
CAF? DE GOUTIER,37.58265668,127.0288652,,서울특별시 성북구 안암로 69-1
Juicy Bean,,,,
The ROASTING,,,,
공린가,37.58293779,127.028897,,서울특별시 성북구 안암로 71
그리다 꿈,37.58366569,127.0293139,,서울특별시 성북구 인촌로24길 56
라떼킹,37.58254855,127.028915,,서울특별시 성북구 안암로 69
빈올로지,37.58320459,127.0284442,,서울특별시 성북구 안암로9가길 93
소울키친,,,,
엘가,37.58253014,127.0304954,,서울특별시 동대문구 약령시로 6
커피 그루나루,37.58307828,127.0291597,,서울특별시 성북구 안암동5가 104-291
커피 프로젝트,37.58256238,127.0312426,,서울특별시 동대문구 약령시로 12-1
하이소,37.58279688,127.0302917,,서울특별시 동대문구 약령시로 5-1 아이리스빌딩
할리스커피,37.58366569,127.0293139,,서울특별시 성북구 인촌로24길 56
정만,37.58884459,127.0293431,,서울특별시 성북구 개운사길 56
The C,37.58699209,127.0295779,,서울특별시 성북구 개운사길 8 타이거빌딩
겐로쿠 우동,37.58692713,127.029922,,서울특별시 성북구 인촌로27길 14
경대컵밥,,,,
고른햇살,37.58752559,127.0291026,,서울특별시 성북구 개운사길 27 원영스위트
김밥천국(정대후문점),,,,
꽌부이,37.58759748,127.029877,,서울특별시 성북구 인촌로27길 28
나주곰탕,37.58789671,127.029456,,서울특별시 성북구 개운사길 34
닭굽는신,37.58711099,127.029673,,서울특별시 성북구 인촌로27길 17 2층
더진국,37.58735601,127.0298996,,서울특별시 성북구 인촌로27길 24-2
도스마스,37.58760478,127.0295147,,서울특별시 성북구 개운사길 28
돈까스하우스,37.58711099,127.029673,,서울특별시 성북구 인촌로27길 17
동우설렁탕,37.58839056,127.0290576,,서울특별시 성북구 개운사길 45
등촌샤브칼국수,37.5869958,127.029125,,서울특별시 성북구 개운사길 11
떡뽀이,37.58734525,127.0296686,,서울특별시 성북구 개운사길 22-6
또와또,37.58750377,127.0298815,,서울특별시 성북구 인촌로27길 24-1
르구떼,,,,
마루 돼지불고기,37.58711454,127.0299085,,서울특별시 성북구 인촌로27길 18
만두방,37.58646244,127.0290433,,서울특별시 성북구 인촌로87
매스플레이트,37.58712907,127.0294647,,서울특별시 성북구 개운사길 18 2층
매콤돈까스 칡불냉면,37.58735601,127.0298996,,서울특별시 성북구 인촌로27길 24-2
멘부리,37.58733808,127.0295237,,서울특별시 성북구 개운사길 22-4
母心,37.58699209,127.0295779,,서울특별시 성북구 개운사길 8 타이거빌딩
무등산참숯갈비,37.58713637,127.0290934,,서울특별시 성북구 개운사길 15
무아국수집,,,,서울특별시 성북구 개운사길 21
박셰프의 스끼야끼,37.58750377,127.0298815,,서울특별시 성북구 인촌로27길 24-1
봉구스밥버거,37.58651247,127.0306963,,서울특별시 성북구 인촌로 101
부산아지매국밥,37.58666062,127.0291656,,서울특별시 성북구 개운사길 5 세한빌딩 2층
분식의 신,37.58627859,127.0292153,,서울특별시 성북구 인촌로 지하89
비야(고대본점),37.58748226,127.0294558,,서울특별시 성북구 개운사길 22-3
비야(도스마스 옆),,,,
샐러데이,37.58839056,127.0290576,,서울특별시 성북구 개운사길 45
서울쌈냉면,37.5874824,127.0288761,,서울특별시 성북구 개운사길 21-4
설성번개반점,37.58665319,127.0300714,,서울특별시 성북구 인촌로27길 6
수오재,37.58649469,127.0297679,,서울특별시 성북구 인촌로27길 3
스시 TORO,,,,
신의주찹쌀순대,37.58752559,127.0291026,,서울특별시 성북구 개운사길 27
썬더치킨,37.58811296,127.0294289,,서울특별시 성북구 개운사길 38
아임찜닭,37.58734525,127.0296686,,서울특별시 성북구 개운사길 22-6
안암밥집,,,,
알촌,37.58722266,127.029904,,서울특별시 성북구 인촌로27길 20
어부삼대,37.58729493,127.0291387,,서울특별시 성북구 개운사길 19 만석가 빌딩
엄마손식당,,,,
옛날수제왕돈까스,37.58672533,127.0298133,,서울특별시 성북구 인촌로27길 9
옥두헌 순두부,37.58712907,127.0294647,,서울특별시 성북구 개운사길 18 淸坪
용초수,37.58722266,127.029904,,서울특별시 성북구 인촌로27길 20
용초수만두,37.58687672,127.0297545,,서울특별시 성북구 인촌로27길 13
원조 닭한마리,,,,
육개장 갈비탕,37.58722987,127.0298995,,서울특별시 성북구 안암동5가 12-70
일미옥,37.58734525,127.0296686,,서울특별시 성북구 개운사길 22-6
절대분식,37.58699926,127.0297092,,서울특별시 성북구 인촌로27길 15
철판남매(정대후문점),37.58749304,127.0295871,,서울특별시 성북구 개운사길 22-5
청석골뼈다귀,37.58687672,127.0297545,,서울특별시 성북구 인촌로27길 13
춘천골닭갈비,37.58721911,127.0296731,,서울특별시 성북구 인촌로27길 19
치즈를 사랑한 찜닭,37.58730579,127.0289258,,서울특별시 성북구 개운사길 21-3 2층
케밥집,,,,
탄,37.58749301,127.0296868,,서울특별시 성북구 인촌로27길 25
토담,37.58704243,127.0300263,,서울특별시 성북구 인촌로27길 14-4
파파스샐러드,37.58651247,127.0306963,,서울특별시 성북구 인촌로 101 2층
하노이별,37.58666062,127.0291656,,서울특별시 성북구 개운사길 5 세한빌딩
하이솟대,37.58840128,127.0294109,,서울특별시 성북구 개운사길 42-3
한솥도시락(정후),37.58732729,127.029424,,서울특별시 성북구 개운사길 22-2 상희빌딩
화덕피자주는 부대찌개,37.58650531,127.0305242,,서울특별시 성북구 인촌로 99 주니퍼빌딩
후문식당,37.58704243,127.0300263,,서울특별시 성북구 인촌로27길 14-4
A Person,37.58650918,127.0294735,,서울특별시 성북구 개운사길 2 지하1층
정상호프,37.58650918,127.0294735,,서울특별시 성북구 개운사길 2
주유소(2층),37.58721911,127.0296731,,서울특별시 성북구 인촌로27길 19
주유소(지하),37.58735601,127.0298996,,서울특별시 성북구 인촌로27길 24-2
BUBBLE,37.58649802,127.0308231,,서울특별시 성북구 인촌로 103
LOFT,,,,
거품,,,,
마르니,37.5865379,127.02994,,서울특별시 성북구 인촌로27길 5
유객주,37.58699209,127.0295779,,서울특별시 성북구 개운사길 8 타이거빌딩
103 Express,37.58734525,127.0296686,,서울특별시 성북구 개운사길 22-6
14gram,37.58677215,127.0299401,,서울특별시 성북구 안암동5가 100-1
Caf? B1,37.58749301,127.0296868,,서울특별시 성북구 인촌로27길 25
Caf? C,,,,
GOOD NEWS,,,,
MIN TEA,37.58730579,127.0289258,,서울특별시 성북구 개운사길 21-3 1층
SWEET CAF?,37.58650918,127.0294735,,서울특별시 성북구 개운사길 2 지하1층
나이茶,37.58643701,127.0298222,,서울특별시 성북구 인촌로 93
나인헤르츠,,,,
놀숲,37.58693442,127.0295914,,서울특별시 성북구 안암동5가 101-3 4층
달콤,,,,
달팽이,,,,
더 힐링,37.58732729,127.029424,,서울특별시 성북구 개운사길 22-2 상희빌딩
더베리와플,37.58749304,127.0295871,,서울특별시 성북구 개운사길 22-5
더스터디,37.58666062,127.0291656,,서울특별시 성북구 개운사길 5 세한빌딩 4층
디어브레드,37.58732387,127.0287085,,서울특별시 성북구 개운사1길 29
레쓰이즈모어,,,,
보헤미안,37.58748226,127.0294558,,서울특별시 성북구 개운사길 22-3
빈트리,,,,
빽다방,37.58665319,127.0300714,,서울특별시 성북구 인촌로27길 6
아눅,37.58867519,127.0293702,,서울특별시 성북구 개운사길 52
아임빈,37.5888771,127.029017,,서울특별시 성북구 개운사길 57-3
이디야커피,37.58768408,127.0294378,,서울특별시 성북구 개운사길 30
카카오츄로,37.58699926,127.0297092,,서울특별시 성북구 인촌로27길 15
커피나무,37.58780671,127.0290891,,서울특별시 성북구 개운사길 31 코원빌딩
커피빈(정대후문점),37.58699209,127.0295779,,서울특별시 성북구 개운사길 8 타이거빌딩
하이픈,37.58654448,127.0323086,,서울특별시 성북구 인촌로 117
핸썸 베이글,37.58723016,127.028722,,서울특별시 성북구 개운사1길 23
BHC치킨,37.58908788,127.0357789,,서울특별시 동대문구 안암로 164
Caf? Cook,,,,
거북이 식당,,,,
고대다횟집,37.58837439,127.0354615,,서울특별시 동대문구 안암로24길 8
고래돈가스,37.58837092,127.0350313,,서울특별시 동대문구 안암로 154
고려식촌,,,,
고씨네,37.58866994,127.0353756,,서울특별시 동대문구 안암로 158-1 1층
골목국수,37.58786987,127.0353571,,서울특별시 동대문구 제기로5길 36
광주식당,37.58802128,127.0352032,,서울특별시 동대문구 제기로5길 35
교촌치킨,37.58866994,127.0353756,,서울특별시 동대문구 안암로 158-1
국수사랑,37.58786987,127.0353571,,서울특별시 동대문구 제기로5길 36
국시랑,,,,
금복식당,37.58736541,127.0350172,,서울특별시 동대문구 안암로20길 16
꿀돼지 석쇠구이,,,,
나그네파전,37.58672059,127.0340251,,서울특별시 동대문구 제기로 9-3
다손김밥,37.58802505,127.0346461,,서울특별시 동대문구 안암로 148-1
닭곰탕칼국수,37.58802128,127.0352032,,서울특별시 동대문구 제기로5길 35
동네아저씨치킨,37.58843211,127.0352894,,서울특별시 동대문구 안암로24길 4
동대문곱창,37.58837439,127.0354615,,서울특별시 동대문구 안암로24길 8
동원김밥분식,,,,
뚱땡이,37.58820504,127.0353437,,서울특별시 동대문구 안암로22길 9
류 두번째 이야기,,,,
멕시카나,37.58663392,127.034641,,서울특별시 동대문구 제기로 15
미당,37.58682146,127.0341565,,서울특별시 동대문구 제기로 9-6
바글바글돈가스,,,,
비나,,,,
서울감자탕해장국,,,,
스시정,37.58794555,127.0353617,,서울특별시 동대문구 제기로5길 38
예손,37.58829159,127.0351535,,서울특별시 동대문구 안암로22길 5
옐로우 피자,,,,
원조공갈빵,,,,
원조족발보쌈,,,,
원주통닭,,,,
육등신,37.5887456,127.0354617,,서울특별시 동대문구 안암로 160
이수영피자,37.5885618,127.0354525,,서울특별시 동대문구 안암로24길 5 2층
정다래 함박스텍,37.58788093,127.0345102,,서울특별시 동대문구 안암로 146-1
주전부리,,,,
중국관,37.58633818,127.0353654,,서울특별시 동대문구 제기로 22
최고성,37.58879243,127.0355251,,서울특별시 동대문구 안암로 160-1
치킨필레오,37.58843211,127.0352894,,서울특별시 동대문구 안암로24길 4
코케코코 돈부리,37.5885618,127.0354525,,서울특별시 동대문구 안암로24길 5
큰집대학식당,,,,
토마토도시락,37.5886087,127.0352895,,서울특별시 동대문구 안암로 158
튄닥 꾼닥,,,,
해마루(1층),37.58794555,127.0353617,,서울특별시 동대문구 제기로5길 38
해마루(2층),37.58794555,127.0353617,,서울특별시 동대문구 제기로5길 38
해적수산,,,,
호미,,,,
홍도夜빈대떡,37.58661253,127.0338394,,서울 동대문구 제기동 137-144
류 첫번째 이야기,37.5880286,127.0348318,,서울특별시 동대문구 안암로20길 7-15
미뇽,,,,
Biere et Frites,,,,
BUNKER,37.58822666,127.0353392,,서울특별시 동대문구 제기동 137-38
고모집,,,,
안주나라,37.58802128,127.0352032,,서울특별시 동대문구 제기로5길 35
통큰 노가리포차,,,,
ZERO TO ONE COFFEE,,,,
뚜이,37.58901944,127.0356747,,서울특별시 동대문구 안암로 162-1
문뒤엔,37.58779805,127.0344513,,서울특별시 동대문구 안암로 146
세렌디피티,37.5881007,127.0347458,,서울특별시 동대문구 안암로 150
소소한 카페,,,,
어글리머그,37.58762871,127.0343108,,서울특별시 동대문구 안암로 144
카페브레송,37.58817629,127.035081,,서울특별시 동대문구 안암로22길 6
해머,37.58802505,127.0346461,,서울특별시 동대문구 안암로 148-1
59쌀피자 고대사거리점,37.58619835,127.0328564,,서울특별시 동대문구 안암로 122-1
Chicken Tonkasu,,,,
고대앞원조멸치국수,37.58625594,127.0331055,,서울특별시 동대문구 제기로 2
김가네,37.58280053,127.0301242,,서울특별시 동대문구 약령시로 3
김밥천국(제기동),37.58628472,127.0332776,,서울특별시 동대문구 제기로 2-1
닭한마리 호정,37.58562878,127.0333362,,서울특별시 동대문구 안암로 18가길 32
도미노피자,37.58320413,127.0302964,,서울특별시 동대문구 안암로 82
또봉이통닭,37.58610106,127.0327794,,서울특별시 동대문구 안암로 122
량서상사,,,,
미쳐버린 파닭,37.58613702,127.0330511,,서울특별시 동대문구 제기로2길 4 2층
병천 순대국,,,,
부산식당,,,,
불닭발땡초동대문 엽기떡볶이,,,,
삼시네끼,,,,
소문난 보배곱창,,,,
숯불 생고기,37.5858524,127.0327385,,서울특별시 동대문구 안암로 118-5
신원오리,37.5831461,127.0317003,,서울특별시 동대문구 약령시로 25
안암동 쪽갈비,37.58584867,127.0331823,,서울특별시 동대문구 제기로2길 14
야순네식당,,,,
옹골진 치킨,37.58351039,127.0305819,,서울특별시 동대문구 안암로 86-1 서울제기2동 우편 취급소
잭아저씨 족발&보쌈,37.58339511,127.0304143,,서울특별시 동대문구 안암로 86
전주식당,37.58597846,127.0330194,,서울특별시 동대문구 제기로2길 6
진미식당,37.5859712,127.0331914,,서울특별시 동대문구 제기로2길 8
청룡분식,37.58628472,127.0332776,,서울특별시 동대문구 제기로 2-1
칠백집,37.5831461,127.0317003,,서울특별시 동대문구 약령시로 25
특별식당,37.58578014,127.0333816,,서울특별시 동대문구 제기로2길 15
포 하롱,,,,
피칸테타코,37.58305638,127.030233,,서울특별시 동대문구 안암로 80-1
학사호프,37.58613702,127.0330511,,서울특별시 동대문구 제기로2길 4
현 고대닭발,37.58536533,127.0346041,,서울특별시 동대문구 제기로2가길 3
형제떡집,,,,
대성집,37.58580508,127.0343643,,서울특별시 동대문구 제기로6길 14
부산집,37.5858627,127.0345274,,서울특별시 동대문구 제기로6길 11
전주집,,,,
제기집,37.58571853,127.0345771,,서울특별시 동대문구 제기로6가길 3
제일집,37.5844364,127.0313929,,서울특별시 동대문구 안암로 98
충주집,37.58620506,127.0345774,,서울특별시 동대문구 제기로6길 5
형제집,37.58595648,127.0342648,,서울특별시 동대문구 제기로6길 14-2
Caf? 플로르,,,,
CAF?-I,37.58628449,127.0340928,,서울특별시 동대문구 제기로 10
카페 다니엘,37.58610106,127.0327794,,서울특별시 동대문구 안암로 122
파리바게뜨 Caf?,37.58294108,127.0301288,,서울특별시 동대문구 안암로 80
TUNAS,37.58533768,127.0303199,,서울특별시 성북구 인촌로24가길 13-2
고대고기집,37.58343848,127.0299206,,서울특별시 성북구 안암로 81
고대고기집 투,37.58343848,127.0299206,,서울특별시 성북구 안암로 81
고봉민김밥인,37.58544239,127.0295229,,서울특별시 성북구 인촌로24길 17
공.도나쓰,,,,
김밥천국(참살이끝),,,,
꽃돼지,37.58411243,127.0299073,,서울특별시 성북구 인촌로26길 50
남이네 분식,37.58531591,127.0308679,,서울특별시 안암동5가 86-112호
내가 찜한 닭,37.58480456,127.0292328,,서울특별시 성북구 인촌로24길 32
노랑통닭 고대점,37.5857054,127.0298491,,서울특별시 성북구 인촌로26길 12
노랑통닭(고대2호점),37.58570885,127.030456,,서울특별시 성북구 인촌로28길 12-3
놀부부대찌개+뷔페,37.58459913,127.0292599,,서울특별시 성북구 인촌로24길 36 송곡빌딩
니뽕내뽕,37.59124353,127.0177767,,서울특별시 성북구 동소문로20길 37-19
닭잡는 파로,37.5859757,127.0298401,,서울특별시 성북구 인촌로24길 3-44
도네누,37.5856515,127.029206,,서울특별시 성북구 인촌로24길 14
돌돌말아,37.58349262,127.0296082,,"서울특별시 성북구 인촌로24길 61 지상 2, 3층 (안암동5가)"
동네푸줏간,,,,
돼야지,37.58518637,127.0300617,,서울특별시 성북구 인촌로24가길 12
두끼,37.58370525,127.029649,,서울특별시 성북구 인촌로24길 55
뚝닭,37.58610535,127.0302206,,서울특별시 성북구 인촌로28길 2
랍스타바다,37.58438261,127.0303739,,서울특별시 성북구 인촌로26길 45-4
레드컵스,37.58349262,127.0296082,,서울특별시 성북구 인촌로24길 61
맛닭꼬,37.5849126,127.0295454,,서울특별시 성북구 인촌로24길 27
명랑핫도그,,,,
모이리타,37.58538481,127.0292059,,서울특별시 성북구 인촌로24길 20
미가박당,,,,
미각(안암역2번출구 2층),,,,
미각(참살이길 끝),,,,
미각(참살이길 중간),37.58555412,127.0295139,,서울특별시 성북구 인촌로24길 15 정암빌딩
미소야,37.58392868,127.029708,,서울특별시 성북구 인촌로24길 51
미스터국밥,37.58615211,127.0305512,,서울특별시 성북구 인촌로 102
바르다김선생,,,,서울특별시 성북구 인촌로24길 25 102-10 1층
반합,,,,
방콕익스프레스,37.58479727,127.0295589,,서울특별시 성북구 인촌로24길 31
배떼기곱창,37.58424221,127.0297715,,서울특별시 성북구 인촌로26길 42-3
베나레스,37.5849126,127.0295454,,서울특별시 성북구 인촌로24길 27
보드람치킨,37.58362944,127.0301336,,서울특별시 성북구 안암로 85
본죽,37.58614163,127.0292469,,서울특별시 성북구 인촌로 90
봉추찜닭,37.58613071,127.0296681,,서울특별시 성북구 인촌로24길 3-3
북경양꼬치,37.58583518,127.0297042,,서울특별시 성북구 인촌로24길 3-36
비나 2호점,37.58596492,127.0297088,,서울특별시 성북구 인촌로24길 3-42
빨간모자피자,37.58418432,127.030641,,서울특별시 성북구 안암로 91
빨봉분식,37.58466393,127.0295588,,서울특별시 성북구 인촌로24길 35
사마리칸트,37.58479727,127.0295589,,서울특별시 성북구 인촌로24길 31
사보텐,37.58400447,127.0292914,,서울특별시 성북구 인촌로24길 48
산적,37.58408714,127.0301428,,서울특별시 성북구 인촌로26길 51 진영빌딩
삼통치킨(참살이길 입구),37.58611273,127.0295187,,서울특별시 성북구 인촌로 92
삼통치킨(참살이길 중간),37.58538481,127.0292059,,서울특별시 성북구 인촌로24길 20
상호야초밥,37.58408714,127.0301428,,서울특별시 성북구 인촌로26길 51 진영빌딩
서동낙지,37.58548932,127.029215,,서울특별시 성북구 인촌로24길 16
서브웨이,37.58614889,127.0290567,,서울특별시 성북구 인촌로 88
소담식당,37.58596492,127.0297088,,서울특별시 성북구 인촌로24길 3-42
수유리우동집,37.58619539,127.030429,,서울특별시 성북구 인촌로 100
스시바,37.58555383,127.030628,,서울특별시 성북구 인촌로28길 16 안암랜드빌딩
신포1971,37.58517216,127.0292466,,서울특별시 성북구 인촌로24길 24
싸움의고수,37.58533427,127.0295319,,서울특별시 성북구 인촌로24가길 1 1층
아비꼬,37.5841089,127.029613,,서울특별시 성북구 인촌로24길 47
안암아줌마치킨,,,,
열정왕갈비,37.58408714,127.0301428,,서울특별시 성북구 인촌로26길 51 진영빌딩 2층
영자's 곱창,37.58600809,127.0300123,,서울특별시 성북구 인촌로26길 5
영철버거,37.58555383,127.030628,,서울특별시 성북구 인촌로28길 16 안암랜드빌딩 1층
오샬,37.58597225,127.0292106,,서울특별시 성북구 인촌로24길 6 문원빌딩
오징어나라,37.58517565,127.029713,,서울특별시 성북구 인촌로24가길 6
오징어바다,,,,
유가네,37.58500999,127.0292284,,서울특별시 성북구 인촌로24길 28 인화빌딩
육쌈냉면,37.58597225,127.0292106,,서울특별시 성북구 인촌로24길 6 2층
육앤샤,37.58455212,127.0298803,,서울특별시 성북구 인촌로26길 38
은화수 식당,37.58319347,127.0296896,,서울특별시 성북구 안암로 77
이가네 황소곱창,37.58442593,127.0300841,,서울특별시 성북구 인촌로 26길 39
이번지깡통집,37.58456649,127.0300841,,서울특별시 성북구 인촌로26길 37
이삭토스트,37.58441164,127.0295769,,서울특별시 성북구 인촌로24길 39
인디아팰리스,37.58615211,127.0305512,,서울특별시 성북구 인촌로 102
장위동 유성집,37.58604354,127.0322585,,서울특별시 성북구 안암로 117
저팔계,37.58411243,127.0299073,,서울특별시 성북구 인촌로26길 50
전설의 짬뽕,37.58596858,127.029496,,서울특별시 성북구 인촌로24길 5 2층
전주완산골,37.5861418,127.0285722,,서울특별시 성북구 인촌로 84
젊은 핫도그,37.58370525,127.029649,,서울특별시 성북구 인촌로24길 55
죠스 떡볶이,37.58337369,127.0296172,,서울특별시 성북구 인촌로24길 63
준호네 부대찌개,37.58348901,127.0296354,,서울특별시 성북구 안암동5가 104-116
찌개집,37.5853807,127.031194,,서울특별시 성북구 인촌로28길 25
찜앤족,37.58442241,127.0297444,,서울특별시 성북구 인촌로26길 42-4
참숯불3392,37.5840835,127.0303013,,서울특별시 성북구 안암로 89-5
참치애난,37.58619526,127.0309362,,서울특별시 성북구 인촌로 104-1
초통삼,37.5859683,127.03061,,서울특별시 성북구 인촌로28길 7
춘천집,37.58424221,127.0297715,,서울특별시 성북구 인촌로26길 42-3
충만치킨,37.58580287,127.0292061,,서울특별시 성북구 인촌로24길 8
치킨버스,37.58548932,127.029215,,서울특별시 성북구 인촌로24길 16
치킨퐁,37.58500999,127.0292284,,서울특별시 성북구 인촌로24길 28 인화빌딩
카니발 피자,37.58319347,127.0296896,,서울특별시 성북구 안암로 77 임충남치과의원
카우보이,,,,
코끼리 청국장,,,,
코끼리분식,37.589034,127.019701,,서울특별시 성북구 안암5가 110
쿠이도라쿠,37.58499865,127.0312935,,서울특별시 성북구 안암로 103
크림스치킨,37.58441164,127.0295769,,서울특별시 성북구 인촌로24길 39
포몬스,37.58581721,127.029505,,서울특별시 성북구 인촌로24길 9
품연식당,,,,
하카타,37.5851793,127.0295364,,서울특별시 성북구 안암동 5가 102-9
한끼 돼지국밥,,,,
한사우 손두부,37.58603748,127.0277615,,서울특별시 성북구 인촌로 76
한솥도시락(고대안암점),37.58614851,127.0305331,,서울특별시 성북구 안암동5가 94-2
향나무집,37.58591825,127.0289706,,서울특별시 성북구 인촌로22길 5
호만두,37.58370525,127.029649,,서울특별시 성북구 인촌로24길 55
홍콩반점0410,37.58517565,127.029713,,서울특별시 성북구 인촌로24가길 6 2층
회뜨는총각,37.58551078,127.0298626,,서울특별시 성북구 인촌로26길 14
고대양꼬치집,37.58614889,127.0290567,,서울특별시 성북구 인촌로 88
놀이터,,,,
달래진족,37.58349262,127.0296082,,서울특별시 성북구 인촌로24길 61
동's꼬지,37.58499865,127.0312935,,서울특별시 성북구 안암로 103
땡전집,37.58517216,127.0292466,,서울특별시 성북구 인촌로24길 24
무궁화생고기,37.5837664,127.0301155,,서울특별시 성북구 안암로 87-5
무사(M'SA),37.58442598,127.0298758,,서울특별시 성북구 인촌로26길 42-2
안암꼬치,,,,
유자유,37.5841089,127.029613,,서울특별시 성북구 인촌로24길 47
작품86,37.58370525,127.029649,,서울특별시 성북구 인촌로24길 55
짚신매운갈비찜,37.58539549,127.0297222,,서울특별시 성북구 인촌로24길 3-28
화통집,37.58369433,127.0300521,,서울특별시 성북구 안암로 81-4
황제곱창,37.58384931,127.0300159,,서울특별시 성북구 인촌로26길 55
무르무르 드 구스토,,,,
프로마치,37.58539898,127.0301569,,서울특별시 성북구 인촌로24가길 13
1973광장시장,,,,
88포차,37.58343848,127.0299206,,서울특별시 성북구 안암로 81
Daddy J,37.58613071,127.0296681,,서울특별시 성북구 인촌로24길 3-3
Gotham bar,37.58583514,127.0298491,,서울특별시 성북구 인촌로26길 8
LaVIDA,37.58579905,127.0300529,,서울특별시 성북구 인촌로26길 9
May bar,37.5853882,127.0300437,,서울특별시 성북구 인촌로24가길 11
MONACO Bar,,,,
NEWYORK CITY Bar,,,,
NO85,,,,
PUNPKIN Bar,37.58518634,127.0301885,,서울특별시 성북구 인촌로24가길 14
QUEEN BAR,,,,
The HUB,37.58519003,127.0298398,,서울특별시 성북구 인촌로24가길 8
TLC,37.5849126,127.0295454,,서울특별시 성북구 인촌로24길 27
UF ANIA,37.5855684,127.0300347,,서울특별시 성북구 인촌로26길 15
골목집,,,,
구노포차,37.58370525,127.029649,,서울특별시 성북구 인촌로24길 55
나이로비,37.58506384,127.0300707,,서울특별시 성북구 인촌로26길 25
달자비어,,,,
도시인II,37.58392868,127.029708,,서울특별시 성북구 인촌로24길 51
드록바,37.5857054,127.0298491,,서울특별시 성북구 인촌로26길 12
떡술집,37.58463157,127.0292464,,서울특별시 성북구 안암동5가 102-32 3층
휴블랑,37.58619526,127.0309362,,서울특별시 성북구 인촌로 104-1
막걸리집,37.58551078,127.0298626,,서울특별시 성북구 인촌로26길 14 청평빌딩
맛갱스터,37.58343848,127.0299206,,서울특별시 성북구 안암로 81
맥주바켓,37.58568747,127.0295094,,서울특별시 성북구 인촌로24길 11
맥주창고,37.58519003,127.0298398,,서울특별시 성북구 인촌로24가길 8
박군포차,37.58469989,127.0298668,,서울특별시 성북구 인촌로26길 34
반지,37.58486562,127.0300752,,서울특별시 성북구 인촌로26길 31
별난주점,37.58596858,127.029496,,서울특별시 성북구 인촌로24길 5
봉구비어,37.58442598,127.0298758,,서울특별시 성북구 인촌로26길 42-2 2층
비트윈더바,37.58459913,127.0292599,,서울특별시 성북구 인촌로24길 36 송곡빌딩
삼팔포차,,,,
삼팔포차 2호점,,,,
술익는마을,,,,
아맛나슈퍼,37.58425658,127.0299255,,서울특별시 성북구 인촌로26길 42-1
에비로드,37.58442241,127.0297444,,서울특별시 성북구 인촌로26길 42-4
왕빈대떡삼파전,,,,
용구비어,37.58604039,127.0305467,,서울특별시 성북구 인촌로28길 5
울프꼬치,,,,
원(元)이자카야,37.58438261,127.0303739,,서울특별시 성북구 인촌로26길 45-4
이모네,,,,
이모네 포차,,,,
이시스(Jsis),37.5844259,127.0301973,,서울특별시 성북구 인촌로26길 45-1
주당,37.58424221,127.0297715,,서울특별시 성북구 인촌로26길 42-3
진화로,37.58615211,127.0305512,,서울특별시 성북구 인촌로 102
쪼끼쪼끼,37.58596492,127.0297088,,서울특별시 성북구 인촌로24길 3-42
찬수씨 싼술을 부탁해,37.58400447,127.0292914,,서울특별시 성북구 인촌로24길 48
춘자,37.58442598,127.0298758,,서울특별시 성북구 인촌로26길 42-2
춘자2,,,,
피닉스바,37.58500999,127.0292284,,서울특별시 성북구 인촌로24길 28 인화빌딩
피쉬앤그릴,37.5853882,127.0300437,,서울특별시 성북구 인촌로24가길 11
한잔의추억,37.58495217,127.0298533,,서울특별시 성북구 인촌로26길 30
호미불닭발,37.58369433,127.0300521,,서울특별시 성북구 안암로 81-4 3층
花 bar,37.58517565,127.029713,,서울특별시 성북구 인촌로24가길 6
휘모리,37.58423865,127.0295813,,서울특별시 성북구 인촌로24길 45
희야,,,,서울특별시 성북구 인촌로26길 32 1F
102 TREE,,,,서울특별시 성북구 인촌로22길 19 세림빌딩
58도씨,,,,서울특별시 성북구 인촌로26길 42-2
Coffee zip,,,,서울특별시 성북구 안암로 105 동성제일한의원
HART CAF?,,,,
공차,,,,"서울특별시 성북구 인촌로24길 17 1층, 2층"
뉴욕핫도그앤커피,,,,
더퍼스트펭귄,,,,서울특별시 성북구 인촌로28길 6 사이룩스빌딩
데일리트로피칼,,,,
딩굴,,,,서울특별시 성북구 인촌로24길 44
뚜레쥬르,,,,서울특별시 성북구 안암로 77 임충남치과의원
모퉁이,,,,
배스킨라빈스31,,,,서울특별시 성북구 인촌로24길 25
버블티킹,,,,서울특별시 성북구 인촌로 88
쁠레쟝,,,,
설빙,,,,서울특별시 성북구 인촌로24길 14
스타벅스(안암역),,,,서울특별시 성북구 인촌로 102-2
스타벅스(참살이길),,,,서울특별시 성북구 인촌로24길 51
와플앨리,,,,서울특별시 성북구 인촌로28길 21
이디야커피(참살이),,,,서울특별시 성북구 인촌로24길 45
전광수 커피하우스,,,,서울특별시 성북구 인촌로 104-1
쥬씨,,,,
지식을 담다,,,,서울특별시 성북구 인촌로24가길 17 소낭구
카페 드나타,,,,
카페 포트,,,,서울특별시 성북구 인촌로26길 45-9 1층 CAFE PORT
커피만,,,,서울특별시 성북구 인촌로24길 39 1층 커피만
커피빈(참살이),,,,서울특별시 성북구 인촌로24길 25
탐앤탐스,,,,서울특별시 성북구 인촌로24길 63
파리바게뜨,,,,서울특별시 성북구 인촌로24길 9
프로마치,,,,서울특별시 성북구 인촌로24가길 13
피카커피,,,,서울특별시 성북구 인촌로30길 29 한누리교회
황준호 베이커리,,,,서울특별시 성북구 인촌로22길 6-2
맥도날드,,,,서울 성북구 인촌로24길 42 방주빌딩
복성미식,37.58613071,127.0296681,,서울특별시 성북구 인촌로24길 3-3
그냥 식당,37.59143012,127.0368715,,서울특별시 성북구 회기로 3
오늘은 면발 땡기는 날,37.58818294,127.0368835,,서울특별시 동대문구 제기로7길 37
파리바게뜨(고려대),37.58967143,127.0367348,,서울특별시 동대문구 고산자로 564
버거킹(문과_중앙광장),37.58870342,127.0316981,,서울특별시 성북구 안암로 145 고려대학교안암캠퍼스(인문사회계)
비비고(문과_CJ법학관),37.58875009,127.0323729,,서울특별시 성북구 안암동5가 1-2 고려대학교 CJ 법학관 1층
CNN카페(문과_백주년기념관),37.58870342,127.0316981,,서울특별시 성북구 안암로 145 고려대학교
TIAMO(문과_중앙광장),37.58870342,127.0316981,,서울특별시 성북구 안암로 145 고려대중앙광장 지하 1층
TIAMO(문과_현차관),37.58870342,127.0316981,,서울특별시 성북구 안암로 145 현차관 지하1층
고대빵(문과_국제관),37.58870342,127.0316981,,서울특별시 성북구 안암로 145 국제관
디초콜릿(문과_중앙광장),37.58877818,127.0349771,,서울특별시 성북구 안암동5가 1-21
오픈엘리(문과_파이빌),37.58870342,127.0316981,,서울특별시 성북구 안암로 145 고려대학교 파이빌 99 A동1층
카페 드림(문과_라이시움),37.58870342,127.0316981,,"서울특별시 성북구 안암로 145, 고려대학교 라이시움관 1층"
학관카페(문과_학관),37.58870342,127.0316981,,서울특별시 성북구 안암로 145 고려대학교 학관 2층
박가네 뼈다귀 해장국,37.58206897,127.0299427,,서울특별시 동대문구 무학로 200 휴먼플러스
비야(이공후문),37.58307485,127.0284215,,서울특별시 성북구 안암로9가길 91
삼성통닭(이공후문),37.58345306,127.0292821,,서울특별시 성북구 안암동5가 104-41호
정다래 함박스텍(이공후문),37.58307485,127.0284215,,서울특별시 성북구 안암로9가길 91
철남,37.58325853,127.0289243,,서울특별시 성북구 안암로 73-7
김밥천국(정대후문),37.5868876,127.0294646,,서울특별시 성북구 개운사길 12
철판남매(정대후문),37.58749304,127.0295871,,서울특별시 성북구 개운사길 22-5
주유소2(2층),37.58721911,127.0296731,,서울특별시 성북구 인촌로27길 19
주유소1(지하1층),37.58735601,127.0298996,,서울특별시 성북구 인촌로27길 24-2
9HERTZ,37.58761556,127.0296234,,서울특별시 성북구 인촌로27길 27
LESS IS MORE,37.58840128,127.0294109,,서울특별시 성북구 개운사길 42-3 CASA 1517
고래돈까스,37.58837092,127.0350313,,서울특별시 동대문구 안암로 154
김가네(제기동),37.58280053,127.0301242,,서울특별시 동대문구 약령시로 3
포하롱,37.5859461,127.0327476,,서울특별시 동대문구 안암로 120
Caf? I,37.58628449,127.0340928,,서울특별시 동대문구 제기로 10
고봉민 김밥,37.58544239,127.0295229,,서울특별시 성북구 인촌로24길 17
도네누 볏짚 통삼겹갈비,37.5856515,127.029206,,서울특별시 성북구 인촌로24길 14
미각(참살이길 중간 2층),37.58555412,127.0295139,,서울특별시 성북구 인촌로24길 15 정암빌딩
비나 레스토랑 2호점,37.58596492,127.0297088,,서울특별시 성북구 인촌로24길 3-42
그옛날에 즉석짜알래스카에서 왕십리막창구파리바게버거TIAMO(문과_중앙광TIAMO(문과_현차고대디초콜오픈엘카페 드거성치마마돈가서울식아미알콩홍대개드럼락커Joe\'s Grill,37.58255222,127.0286704,,서울특별시 성북구 안암동5가 134-43
